Image_URL,Local_Path,Title,Category
https://images.unsplash.com/profile-1699469512592-319f2fe13d05,images/travel/image_1.jpg,,Travel
https://images.unsplash.com/photo-1610113861649-d814f1605737,images/travel/image_2.jpg,,Travel
https://images.unsplash.com/profile-1699469512592-319f2fe13d05,images/travel/image_3.jpg,,Travel
https://images.unsplash.com/photo-1609884541059-73bb19ef9120,images/travel/image_4.jpg,,Travel
https://images.unsplash.com/profile-1655673500590-96da92344ffeimage,images/travel/image_5.jpg,,Travel
https://images.unsplash.com/profile-1604758536753-68fd6f23aaf7image,images/travel/image_6.jpg,,Travel
https://images.unsplash.com/profile-1696956647313-5d1b1acecda8image,images/travel/image_7.jpg,,Travel
https://images.unsplash.com/profile-1581387326424-d34750b1c8fbimage,images/travel/image_8.jpg,,Travel
https://images.unsplash.com/profile-1657962511013-5534a14fcb1cimage,images/travel/image_9.jpg,,Travel
https://images.unsplash.com/profile-1699469512592-319f2fe13d05,images/travel/image_10.jpg,,Travel
